{"cameraMode":{"drawMode":0,"name":"Shaded","section":"Shading Mode"},"sceneLighting":true,"audioPlay":false,"sceneViewState":{"m_AlwaysRefresh":false,"showFog":true,"showSkybox":true,"showFlares":true,"showImageEffects":true,"showParticleSystems":true,"showVisualEffectGraphs":true,"m_FxEnabled":true},"in2DMode":false,"pivot":{"x":0.3727111220359802,"y":2.201275587081909,"z":0.9397700428962708},"rotation":{"x":0.05246802046895027,"y":-0.73235023021698,"z":0.056794773787260059,"w":0.6765273213386536},"size":0.8660253882408142,"orthographic":false}